user_name,created_at,match_id
Hwet_J,2022-11-25T16:10:50Z,a30b50b5-76af-4d36-af9c-4affd9983311
Hwet_J,2022-11-25T15:51:52Z,89e48997-a50f-48fc-b674-1ce3c079ed33
Hwet_J,2022-11-25T15:27:13Z,bc6a0013-d7ab-4365-a7d7-364f550d6979
Hwet_J,2022-11-25T15:06:20Z,ce94ff7c-1dd6-4349-accf-adb15a79aa7d
Hwet_J,2022-11-25T14:36:33Z,54db4e20-e18f-418a-a394-d0b632c8675c
Hwet_J,2022-11-25T14:17:34Z,9b429f86-0c5a-41a6-9ca3-93267bd7db96
Hwet_J,2022-11-25T14:02:52Z,0ab39818-2428-4504-b08c-2aba7ea7820c
Hwet_J,2022-11-25T13:28:57Z,5fa432d4-b900-4eca-9bdd-f2e4e4e7f9c0
Hwet_J,2022-11-25T12:56:09Z,bfd356bc-1f40-4152-9cba-2f366c67f430
Hwet_J,2022-11-20T13:23:00Z,91709a00-2e55-4f7b-afb1-86f9a509cf07
Hwet_J,2022-11-20T12:55:08Z,734626d3-e40e-4770-86f0-5e530e4c0b92
Hwet_J,2022-11-20T12:34:28Z,046d17c7-c9e3-495d-bbe2-44cf35a6a0cd
Hwet_J,2022-11-20T12:00:41Z,4ae1df35-0165-408f-872a-c08c9ad78418
Hwet_J,2022-11-20T11:31:41Z,a570c315-cebd-4b17-8c96-57405b75eea1
Hwet_J,2022-11-20T11:02:45Z,6c29c68f-fb10-4fd2-8dfc-b8641627aec1
Hwet_J,2022-11-20T10:49:59Z,2d0099b8-0f7b-420d-98a9-85bd9ca5a0cd
Hwet_J,2022-11-16T13:27:42Z,52b0b635-0bb4-4627-90d4-8f58d39f180f
Hwet_J,2022-11-16T13:09:09Z,0a0f3a91-6868-4f47-ba08-75f8ddb96b8e
Hwet_J,2022-11-16T12:46:20Z,efd05f5a-bb02-4f3b-9b00-837af2c64cea
Hwet_J,2022-11-27T13:31:39Z,454ad984-7dcc-47a0-b8ab-d4db3269a675
Hwet_J,2022-11-27T12:58:53Z,02f9d07d-f36e-42b9-b709-98bde1865c44
Hwet_J,2022-11-27T12:44:15Z,f67dc7ce-8b98-44b5-a030-23934cfa6808
Hwet_J,2022-11-27T12:18:42Z,6b464966-d728-440d-821f-9ba15a761c40
Hwet_J,2022-11-27T12:08:11Z,267b4def-d960-48b1-93e8-115077c26b4c
Hwet_J,2022-11-27T11:42:48Z,1599d75c-0d4f-42b0-b6e0-8bcc73a87b0b
Hwet_J,2022-11-27T11:18:57Z,dc67c678-d82f-40fd-89eb-436a70f2ed29
Hwet_J,2022-11-27T13:38:52Z,40ed0346-44a2-426f-b1df-4ac5481a0f78
Hwet_J,2022-12-03T14:27:40Z,a21bd4ed-f3f3-4fc3-803e-c4421904de8b
Hwet_J,2022-12-03T14:13:08Z,eb28dee4-c822-4091-b9d2-4a68aeaf8f50
Hwet_J,2022-12-03T13:46:30Z,0a6d827f-7db8-4382-8afd-2727105ec8ff
Hwet_J,2022-12-03T13:20:28Z,ce30e881-2c21-4b8f-a632-516d3f64e0a5
Hwet_J,2022-12-03T12:57:12Z,5df8c4e1-ca1c-4893-9582-3b8818ac02da
Hwet_J,2022-12-03T12:47:01Z,900c3a7f-94e0-46ae-b268-0b3679d65fcb
Hwet_J,2022-12-03T12:27:43Z,be0aa3b2-0eb1-43c3-ae4b-3a0fa2992119
Hwet_J,2022-12-03T11:55:03Z,f0edddcc-bb8a-4c14-bf39-8a9c89620a47
Hwet_J,2022-11-29T14:15:50Z,85024917-fb72-4d7d-a1aa-cb4382dc2d72
Hwet_J,2022-11-29T13:49:15Z,ea6d5cea-e8de-46a9-a3ac-03cd49bdb127
Hwet_J,2022-11-29T13:37:54Z,ab5fc1f6-e341-485e-a882-40aa6c8df6d5
Hwet_J,2022-11-29T13:13:23Z,467ba050-7a5b-4077-a556-7b365cb43fde
Hwet_J,2022-11-29T13:02:11Z,3a1b97f6-73b5-4e10-97e5-08dcf3398b15
Hwet_J,2022-11-29T12:35:40Z,97c32133-d5ef-4b49-b2fc-3bdd0d2682bc
Hwet_J,2022-12-11T13:43:44Z,91bc5ced-4fc0-4d90-bbee-47a2b28d534c
Hwet_J,2022-12-11T13:17:01Z,a159d872-3729-4ae6-be8b-450a7bd4aa99
Hwet_J,2022-12-11T12:44:09Z,4ed18d2f-8a41-43ce-b26b-47475659818d
Hwet_J,2022-12-11T12:15:55Z,071231a7-cdb7-48ef-8c43-3580084d9e14
Hwet_J,2022-12-11T11:43:16Z,93a314d5-3293-43b0-ac2a-bbefec151c34
Hwet_J,2022-12-15T12:35:05Z,e97a378e-1f13-4b3b-b05a-38f6c10a5305
Hwet_J,2022-12-15T12:11:28Z,6958cdc0-723f-4f7f-9607-6c947c6978b7
Hwet_J,2022-12-20T12:40:59Z,e5eb186f-2959-46cc-98f7-1d2c255e3951
Hwet_J,2022-12-20T12:08:50Z,fe3127c3-fac8-4276-bf9f-96f1426021f6
Hwet_J,2023-01-07T15:28:40Z,3a3918bd-c843-46b9-b91d-234eb35cd934
Hwet_J,2023-01-07T15:03:54Z,d359cc52-668f-485a-99bd-cb741028ac39
Hwet_J,2023-01-07T14:34:12Z,18ff2a09-205c-4367-8466-9311910bcdab
Hwet_J,2023-01-07T14:12:59Z,75697e54-ec2b-41b0-a19e-6a5a766baad4
Hwet_J,2023-01-07T13:39:50Z,95f6b899-fc90-4323-a35e-fe3a06c509b6
