league_type,match_id,created_at
as-pgcgf,3db13e7b-e0d5-4f3f-b5cf-2769df97a1f6,2022-11-20T14:33:37Z
as-pgcgf,3101dfdc-9116-42c3-a428-efcf1085ae45,2022-11-20T13:05:46Z
as-pgcgf,cd5ff546-b2d2-405c-97ff-3385fd31eac9,2022-11-18T15:07:30Z
as-pgcgf,36a6208b-5cbb-4298-8cb7-1f3b34c32f0c,2022-11-20T15:58:02Z
as-pgcgf,d9f99b17-3fd1-4caa-8f37-c2eb2684a9f6,2022-11-17T15:57:59Z
as-pgcgf,5fbce5af-cd13-4635-a03b-4cfd15774894,2022-11-19T15:55:40Z
as-pgcgf,9c201af9-f319-43e7-9bd6-2707a3a00b49,2022-11-19T15:10:08Z
as-pgcgf,f1d34249-af52-42d0-a710-14065ca93322,2022-11-17T14:34:56Z
as-pgcgf,099d079b-bf76-4ef5-a4fc-efeceb88a14b,2022-11-17T13:49:26Z
as-pgcgf,edae88d5-c61c-4c30-9302-e170e292c2d3,2022-11-17T13:12:40Z
as-pgcgf,13be031c-dda1-4d36-89ae-cd5e1dcf2bdb,2022-11-18T14:27:55Z
as-pgcgf,b59e4477-ab4d-479c-9b0a-18933fda2ee2,2022-11-18T13:41:51Z
as-pgcgf,1b8a9c7f-7136-4827-829b-524946f16c82,2022-11-20T15:12:10Z
as-pgcgf,5fa512a8-a189-4e59-a1b7-922f926c6068,2022-11-20T13:45:34Z
as-pgcgf,19cda270-8794-4eb5-80d5-af42b279d5ad,2022-11-19T14:34:50Z
as-pgcgf,a21f4b62-6d7d-435a-a1d6-68fd93e6ee80,2022-11-19T13:51:51Z
as-pgcgf,95fd3fd3-22a8-4c63-8ff5-0b53ecede0a2,2022-11-19T12:59:40Z
as-pgcgf,228c9a84-20b3-4dc7-b6bf-8feb5606821b,2022-11-18T15:54:51Z
as-pgcgf,871d3889-c892-435a-b8a4-314df1ae537b,2022-11-18T13:04:31Z
as-pgcgf,3606eb13-85ec-4406-a50a-b71a8515c702,2022-11-17T15:10:33Z
as-pgcgs,af64efcb-4fd3-4193-8ac4-80b9435f4a59,2022-11-14T15:49:21Z
as-pgcgs,614c7a92-f24e-4c7f-aa24-b22ad284a33c,2022-11-14T14:52:34Z
as-pgcgs,8bc4afea-1958-4fa2-b9e6-1f44081dae78,2022-11-14T13:54:47Z
as-pgcgs,0713d6cc-b462-4bec-a7f0-75020e820d27,2022-11-14T12:57:23Z
as-pgclbp2,b2c49f6f-b68c-4f0f-8d1d-15c27c59c7e1,2022-11-12T15:04:40Z
as-pgclbp2,c9420ffd-f83d-4146-a3f1-6a8230df66f4,2022-11-12T14:27:40Z
as-pgclbp2,cff46302-ca50-411d-836f-f555282dde59,2022-11-13T14:22:04Z
as-pgclbp2,4810eec5-0fea-4eb1-939d-f612638fadf2,2022-11-13T13:35:47Z
as-pgclbp2,5cc92598-438b-42f0-92ae-3252c92dca0b,2022-11-13T12:58:30Z
as-pgclbp2,7dabb51c-6adc-454f-9eb8-59bfab8b4000,2022-11-12T15:54:00Z
as-pgclbp2,602bdbe9-4201-4bdc-a652-2eb8fee9eb3d,2022-11-12T13:41:06Z
as-pgclbp2,1e6f576c-e337-4652-9283-37efe8672450,2022-11-12T13:03:06Z
as-pgclbp2,aaf6dce8-ad4d-474a-9b9b-641f0aea2fc4,2022-11-13T15:43:35Z
as-pgclbp2,f97cc1bd-1c09-4174-911d-240cabbcb624,2022-11-13T14:55:40Z
as-pgclbp1,eb74b529-bff4-4ed1-9c88-a73ec73baf2e,2022-11-11T13:02:14Z
as-pgclbp1,62b0f6c8-8f2b-4e6b-8e6b-25f06f189b7d,2022-11-10T14:31:17Z
as-pgclbp1,ebda0e52-f44b-409f-9e1e-96efd0dfa742,2022-11-11T16:01:47Z
as-pgclbp1,4b3d1ade-91bf-4300-8c55-adf7da64fb84,2022-11-11T15:13:22Z
as-pgclbp1,f607e8e6-8ff6-457f-9980-ad2cf1dd4527,2022-11-11T14:29:19Z
as-pgclbp1,62539bfb-f692-491f-8840-b5d8b337bd2f,2022-11-11T13:38:18Z
as-pgclbp1,893e6b8f-a11d-46b9-b55c-ded5e539531b,2022-11-10T15:51:39Z
as-pgclbp1,f8856a5f-3927-4e1b-9f9d-a3e7a078c2cf,2022-11-10T15:08:30Z
as-pgclbp1,f7f563cb-33d0-44fb-b564-1fdc5344324f,2022-11-10T13:42:16Z
as-pgclbp1,87df999c-85c5-4c43-8787-54d5bd153374,2022-11-10T13:05:12Z
as-pgcwb,bac412c1-8e6f-4356-8789-1f440ebf924f,2022-11-09T13:02:52Z
as-pgcwb,5ced348c-2d07-4f41-ac18-80c5b39106be,2022-11-08T14:28:50Z
as-pgcwb,e4586bcd-04cc-43a1-a940-cbc2438e4a36,2022-11-09T14:59:40Z
as-pgcwb,9c42e8dd-b970-4b22-a3cf-5945b2cb4454,2022-11-09T14:24:35Z
as-pgcwb,a0f77375-1d04-4622-aceb-91b6155e69dd,2022-11-09T13:40:52Z
as-pgcwb,002eebc3-dc24-4094-a965-328fbf821cc8,2022-11-08T13:46:07Z
as-pgcwb,c1f067bc-70b1-4b2b-b5d7-d35d23c558d5,2022-11-08T13:04:43Z
as-pgcwb,9eb97b74-5919-4719-b3ce-74f5de5e8c7d,2022-11-09T15:42:53Z
as-pgcwb,da8415ca-0c2a-444d-a631-363e2d3ca0f4,2022-11-08T15:52:35Z
as-pgcwb,e1032e51-f93a-4984-8ad6-df5b6dbf6f93,2022-11-08T15:04:26Z
as-pgcgsb,3b0b5e93-4dba-4308-ab3f-93cf3fa44323,2022-11-02T16:01:11Z
as-pgcgsb,a69c4c61-e8f3-4f7f-920f-76441d751aa2,2022-11-02T14:40:34Z
as-pgcgsb,e37637dc-e830-436c-aa1f-0f0b1634c5dc,2022-11-06T12:58:14Z
as-pgcgsb,accdc356-47dd-455c-a2ee-b13d7582f4ab,2022-11-02T13:54:23Z
as-pgcgsb,078f35bb-864a-4199-ae1e-577ee92eda59,2022-11-07T15:44:38Z
as-pgcgsb,c8e1cd83-6d2e-4e8a-bd57-41651819cff2,2022-11-07T14:22:03Z
as-pgcgsb,e7788606-ab63-4917-8915-31b727ff2886,2022-11-07T13:35:43Z
as-pgcgsb,ac35b7fa-25e7-41d0-98cd-152da3b250fe,2022-11-06T14:58:01Z
as-pgcgsb,750b21ab-7b1d-4072-a36f-334862409223,2022-11-07T12:56:46Z
as-pgcgsb,60870f4c-c7b1-4731-b488-c4f1d7e295af,2022-11-06T14:21:34Z
as-pgcgsb,24d19b0a-6125-42df-96b8-69d1ee006199,2022-11-06T13:36:38Z
as-pgcgsb,953c6b59-e4c4-4cf6-bcb9-6bbc4c527c36,2022-11-02T15:16:26Z
as-pgcgsb,97a353b4-ecfe-4442-95c8-f3ee6c95e47f,2022-11-07T14:59:20Z
as-pgcgsb,286c9b6f-5450-48df-8119-3d006a836fe6,2022-11-06T15:47:05Z
as-pgcgsb,7a302e6b-7981-4696-9de8-c284deed2525,2022-11-02T13:02:42Z
as-pgcgsa,4756d9fd-6b82-471b-b8ee-da1132183568,2022-11-05T15:40:53Z
as-pgcgsa,5f254229-02f7-465b-b26f-747c254d0085,2022-11-05T14:19:06Z
as-pgcgsa,3331a92f-f89b-4417-a9ad-35777bf43490,2022-11-03T15:54:16Z
as-pgcgsa,968551e2-a227-472d-ac31-83383ef93bf5,2022-11-03T13:37:16Z
as-pgcgsa,1bd1be10-2576-4a16-9b42-c878571a245f,2022-11-01T14:06:05Z
as-pgcgsa,d9665dae-661c-45a0-a6ff-ceb02936a709,2022-11-05T13:36:35Z
as-pgcgsa,53083fe8-e86e-4ad0-9fc2-7e6e94723cef,2022-11-05T12:58:36Z
as-pgcgsa,d425dbf7-9dbe-49a4-9ac2-b552b6ca8d67,2022-11-03T15:05:38Z
as-pgcgsa,4aac237e-161c-4613-a6f6-b7dcd10ae02b,2022-11-03T14:27:57Z
as-pgcgsa,bf0c1269-e928-49ae-a5df-b7600edcce9e,2022-11-03T12:57:25Z
as-pgcgsa,af18b597-1038-4797-a011-d0491e2e89d5,2022-11-01T15:34:58Z
as-pgcgsa,652479e3-e00a-4cd6-ba1b-d99862562503,2022-11-05T14:55:57Z
as-pgcgsa,fd204d75-826f-460a-b4de-60fd029e48dd,2022-11-01T16:21:51Z
as-pgcgsa,9faeb04d-920b-493b-b87c-0740fd9320e2,2022-11-01T14:55:39Z
as-pgcgsa,ca01293d-417b-4b62-9263-b9d9f70e1be1,2022-11-01T13:26:20Z
as-pgcgf4,a20978c5-2854-422b-ad2b-48d193a3e23b,2021-12-19T12:52:02Z
as-pgcgf4,79c43f35-a9b7-4e57-9e9b-453736e21997,2021-12-18T10:33:11Z
as-pgcgf4,33febdf8-88c7-4fbd-8ec0-eb809134f83d,2021-12-19T09:56:45Z
as-pgcgf4,01b5d309-5d81-441e-ad8e-32f07c6ae63f,2021-12-18T12:53:41Z
as-pgcgf4,e9f9b25b-4587-4f8c-9926-2ab28115f0c0,2021-12-17T11:33:38Z
as-pgcgf4,4eb1b772-cc50-486c-8f28-b9aedbc77944,2021-12-17T10:49:28Z
as-pgcgf4,8c510b13-0161-4259-b5e9-7078cd67cfde,2021-12-17T10:06:35Z
as-pgcgf4,3779302e-9a96-4c94-a45a-3493efec5d14,2021-12-19T12:06:04Z
as-pgcgf4,2e7e7ee4-a72a-4acf-b3a8-e0b1c2013437,2021-12-19T11:23:59Z
as-pgcgf4,41ce9050-92e3-4ca4-badc-310b5672f767,2021-12-18T09:51:47Z
as-pgcgf4,243d743c-93cb-42c4-8f08-b3adf9e58474,2021-12-17T13:07:29Z
as-pgcgf4,9299fbd8-9132-4f30-9c30-e5b0b7ec8adf,2021-12-17T12:19:09Z
as-pgcgf4,6c9b118c-bc55-4916-8911-17af071f7a9c,2021-12-19T10:37:45Z
as-pgcgf4,b2bd7a71-9bb4-403f-8f68-5db0472f9ca3,2021-12-18T12:08:57Z
as-pgcgf4,eafd0646-91e0-4db9-8aef-c68d4d25f330,2021-12-18T11:29:19Z
as-pgcgs4,45519663-bb87-4292-92f0-085de9bd44da,2021-12-16T12:50:39Z
as-pgcgs4,6c6af569-e516-46bd-a6ee-a16dd4b866e0,2021-12-16T12:01:21Z
as-pgcgs4,01813cd1-13e8-4288-81a8-0f898ede636a,2021-12-16T10:57:05Z
as-pgcgs4,ed80e8b8-34ff-4c15-8c64-87db60ba31e7,2021-12-16T10:13:21Z
as-pgcwf3,bb110118-b3f5-4ff5-805f-ee6d6f73796d,2021-12-12T09:50:40Z
as-pgcwf3,2e773fff-6c91-4794-83b1-324321486583,2021-12-12T12:46:46Z
as-pgcwf3,f074d3ef-997b-4914-b28f-96726a41d6fa,2021-12-12T12:02:39Z
as-pgcwf3,066495ac-4f21-478d-834c-5cfd413d8efc,2021-12-12T10:32:47Z
as-pgcwf3,0cd6d342-f936-4650-aaac-265c66b150c1,2021-12-11T11:39:37Z
as-pgcwf3,78c4262e-6c0b-4fc5-9938-bb7f675e4655,2021-12-11T10:51:21Z
as-pgcwf3,4e41094b-6ee5-4431-9ca5-b7f663e25ae2,2021-12-12T11:18:48Z
as-pgcwf3,bb07e009-c6f8-4332-b7bf-7561d17b6dea,2021-12-11T13:41:59Z
as-pgcwf3,2406be81-7b00-4f41-a597-812119420b85,2021-12-11T12:51:03Z
as-pgcbm2,b7d64a50-1436-438b-b531-0c1f6fcfe8c4,2021-12-06T10:03:08Z
as-pgcbm2,8d8a8c67-be88-4728-a9c2-907bff406872,2021-12-11T10:04:44Z
as-pgcbm2,eda639f3-1962-46cf-8c4b-58d4778e4139,2021-12-06T13:47:18Z
as-pgcbm2,82cb07f4-e942-4d16-b4af-7042b486341f,2021-12-06T13:05:03Z
as-pgcbm2,dc4bef91-795c-45cc-b308-b1caddf04898,2021-12-06T12:09:22Z
as-pgcbm2,3db45aea-7fba-4748-94bf-d180e7e031aa,2021-12-06T11:30:35Z
as-pgcbm2,81649ea0-dfe9-4747-91cd-19f5a970dc73,2021-12-06T10:41:55Z
as-pgcwf2,f90703de-9312-4a93-b63a-6b5807c7af27,2021-12-04T10:01:48Z
as-pgcwf2,713597a5-bfab-4199-ba62-11fc01a4f4c5,2021-12-05T12:52:47Z
as-pgcwf2,4784524c-bba8-4d5f-ba61-839b6e54d46e,2021-12-05T12:10:06Z
as-pgcwf2,ad4a7b90-0c1d-4588-9788-8cf31f6c3aae,2021-12-05T11:30:51Z
as-pgcwf2,ae0da901-5856-47de-852e-a275da8a3853,2021-12-05T10:42:18Z
as-pgcwf2,13787471-ab8e-4c98-a8f3-b55ca40a82e5,2021-12-04T12:22:01Z
as-pgcwf2,cf8f5309-a89e-41a4-b1a6-20b259ba57c7,2021-12-04T10:56:12Z
as-pgcwf2,e0416675-c72c-46e7-b03f-6dd858c8dcb3,2021-12-05T09:59:00Z
as-pgcwf2,3903fecc-22d3-4f85-b84b-f34c2d010dba,2021-12-04T13:09:55Z
as-pgcwf2,a4605997-0cea-4f39-8767-9adcaf5d57bf,2021-12-04T11:43:26Z
as-pgcbm1,2b76d75f-5f53-4592-9196-a01e39ba7a06,2021-11-29T12:52:33Z
as-pgcbm1,b1a36dbf-1c78-4f61-94d1-62ed126fe6e7,2021-11-29T12:05:13Z
as-pgcbm1,3dee7cbf-2990-4ab9-bb06-ac97b3fec3de,2021-11-29T11:24:52Z
as-pgcbm1,ef03150d-dca9-4b35-b137-a3ad894321be,2021-11-29T10:37:41Z
as-pgcbm1,5b42354d-ede0-4dfc-b122-ed98e38fec38,2021-11-29T09:52:30Z
as-pgcbm1,873abdb4-c6a7-42d4-baf9-902ae2e023c6,2021-11-29T13:48:21Z
as-pgcwf1,1cf276a7-2329-4445-b66c-f6202f35628a,2021-11-27T12:18:47Z
as-pgcwf1,f8b2b277-c8b6-450c-9b31-c62ed7cc3e20,2021-11-27T11:32:27Z
as-pgcwf1,f6b67922-3547-4c6f-8779-515d21a09b5a,2021-11-28T12:55:53Z
as-pgcwf1,267eb9af-d9a4-4ce6-8fca-e11242118708,2021-11-28T11:26:28Z
as-pgcwf1,0dd25038-7df0-48b9-ac7f-9d32bc0d129d,2021-11-28T10:39:12Z
as-pgcwf1,094d287f-5722-4edc-960b-794f1dd17a89,2021-11-27T13:07:46Z
as-pgcwf1,45796247-e537-4ee1-b086-d91a5224fde8,2021-11-28T12:09:26Z
as-pgcwf1,45f325a3-4723-44a6-a649-940345898e33,2021-11-28T09:59:27Z
as-pgcwf1,7e187327-635c-4510-bf4f-aea77563768d,2021-11-27T10:47:08Z
as-pgcwf1,63e7f25e-32b7-4922-bb9a-d2cddc82fb72,2021-11-27T10:03:35Z
as-pgcws,d1ee0da7-f376-4ebb-9dff-00af047eb6de,2021-12-08T12:17:02Z
as-pgcws,f36145d9-9ff3-4eb5-8ddf-633e4fb84163,2021-12-07T10:01:29Z
as-pgcws,f84a506e-6f83-4c68-8704-0e77b16a82e0,2021-11-30T10:37:20Z
as-pgcws,d4e07dc6-aa12-4c2b-8a19-540b76729c33,2021-11-24T14:42:28Z
as-pgcws,10f915a3-2101-4b15-9b10-1c495fb4a972,2021-11-24T09:58:01Z
as-pgcws,7e8b1a13-5f8f-4d20-8384-f79365419fcc,2021-12-09T11:32:33Z
as-pgcws,aff52bb3-8f51-4c10-9337-ffe767eb8101,2021-12-08T13:54:35Z
as-pgcws,543c490a-f976-431a-a6fe-d5837046fefa,2021-12-07T10:43:16Z
as-pgcws,c4effe60-70ff-4904-baac-486b526b682f,2021-12-02T10:37:29Z
as-pgcws,3bedd155-902e-4293-8327-20695ef729ae,2021-12-01T11:30:10Z
as-pgcws,853ca66b-35c2-446a-8bff-46f6d8bc2bb9,2021-11-30T11:27:03Z
as-pgcws,e843f52f-14eb-4233-a03c-391be70d7c64,2021-11-24T12:44:06Z
as-pgcws,fe6e111f-f4ea-4cea-80cf-7f7ae7aa7c76,2021-11-24T11:51:45Z
as-pgcws,fb536ab2-4603-4e29-9a32-4e6fd1f7c522,2021-12-09T10:43:54Z
as-pgcws,2bcd848a-69d3-43e7-a2ab-44ffe2265086,2021-11-23T09:56:05Z
as-pgcws,d1298759-75af-40e4-afb6-bd0d3d1679bb,2021-11-23T12:41:44Z
as-pgcws,3624cd94-89ad-4532-b0a4-3df64159f7fa,2021-11-30T09:52:47Z
as-pgcws,594254f2-3850-48ec-b4fc-d00ceca10e4f,2021-11-23T10:44:53Z
as-pgcws,1304dc2f-cb8c-4452-80b5-a90dca2d3364,2021-12-01T12:35:34Z
as-pgcws,9efb45e1-97b5-4bca-914e-1feef3f86ead,2021-12-07T13:30:00Z
as-pgcws,9a05879d-2d54-4609-ad81-b5b0cfd0f51b,2021-12-02T12:15:32Z
as-pgcws,4bb33a35-debd-4ca0-90dd-d710c89d3523,2021-12-01T14:24:03Z
as-pgcws,2895db28-1af5-4040-bace-235058cc1aa7,2021-12-01T13:22:31Z
as-pgcws,1d024236-dd10-4755-a883-d2e9d2bd0d6e,2021-12-01T10:39:51Z
as-pgcws,99752ce4-85ce-492b-aed6-ffd8c98414b0,2021-11-25T12:10:34Z
as-pgcws,dbdff6b5-1884-4ff4-9613-09087e7f100c,2021-11-25T10:09:23Z
as-pgcws,82417a66-8700-4154-a084-3a8dda901c9d,2021-12-08T10:43:33Z
as-pgcws,7f16f30f-4a4f-4baa-9152-1c26e616a48e,2021-12-07T12:41:54Z
as-pgcws,38f19ff8-6450-45a4-8116-9126a7426797,2021-12-07T11:50:38Z
as-pgcws,0946b9d3-28fe-47dc-9b14-4960199695fb,2021-11-30T13:02:28Z
as-pgcws,e2346fe3-0fc8-428d-bf02-840b1960b087,2021-11-30T12:09:47Z
as-pgcws,f1b436f2-6bc7-43cd-bc12-c565695827f6,2021-11-24T10:53:42Z
as-pgcws,2919eed1-95f8-48a9-b8e2-523c854d5446,2021-12-08T09:51:47Z
as-pgcws,428d3bf6-ea2c-45ea-a02c-d662d0da6736,2021-12-08T11:33:53Z
as-pgcws,e1c49e2f-c478-4b3e-ac47-5f29b3a596d7,2021-11-25T13:51:57Z
as-pgcws,73518dbc-8d01-4877-9058-7033807e6820,2021-11-25T12:57:01Z
as-pgcws,5b128c57-4032-4535-9c7d-7143c0f1b2ec,2021-11-24T13:42:20Z
as-pgcws,aef613ef-c732-4049-ba77-36a8101aa7de,2021-12-09T12:30:42Z
as-pgcws,2be527df-32ae-4af5-97fa-82a4ce7f92ec,2021-12-02T13:05:14Z
as-pgcws,bd53c317-73f2-4189-ae12-189d316fe8ed,2021-12-01T09:50:18Z
as-pgcws,75d38daf-500a-404b-8d94-3f9fea1085b9,2021-11-23T13:38:58Z
as-pgcws,41092a7e-35a6-4ecd-8a82-ef4820e5eb35,2021-12-09T09:53:35Z
as-pgcws,892a3909-de62-4cb8-958d-769a0ce8f40e,2021-12-08T13:12:24Z
as-pgcws,f014b468-46b4-4fb9-92c3-8d77b2f85b46,2021-12-02T11:32:33Z
as-pgcws,ad82d953-3275-4f3a-907f-6025d7aad0be,2021-12-02T09:50:44Z
as-pgcws,c3aadb23-8472-4cdb-8ecc-3a0cdb2ce729,2021-11-25T11:19:49Z
as-pgcws,3369a886-a63a-4b5b-9494-f34f51486fa2,2021-11-23T11:34:54Z
as-pgcws,96219b80-fb82-4f0e-993d-9cc1469cb275,2021-12-09T13:19:58Z
as-pgcrd,951e89c2-5033-45a4-8601-a25cbc9348e1,2021-11-19T08:31:59Z
as-pgcrd,b8d8a9ee-6999-41f4-8610-5fedebcec31d,2021-11-21T14:33:18Z
as-pgcrd,372a9773-cf83-44fd-a9b3-54b1d60567e8,2021-11-21T07:10:01Z
as-pgcrd,9c8d54d7-57f5-419b-b9dc-d9ae180368f1,2021-11-20T04:29:12Z
as-pgcrd,7b1fba51-5473-4aea-b75c-b61f8fdcb7a1,2021-11-19T14:59:08Z
as-pgcrd,54a6ab7d-71d3-409b-9a07-d81f3439c359,2021-11-19T13:14:43Z
as-pgcrd,f7bc41e2-6864-4163-8104-4b22ff6fc118,2021-11-19T12:30:34Z
as-pgcrd,0c0abaf7-e5fd-44eb-95da-5c518ee866be,2021-11-21T09:53:52Z
as-pgcrd,dabbfdca-5db5-48e8-b6b6-1bd4d28c1581,2021-11-21T03:55:24Z
as-pgcrd,a6d05954-30fc-4b22-82ce-01dcb8113f4d,2021-11-20T11:57:05Z
as-pgcrd,76c84a0b-ec27-4dcd-84b4-e33e1ecb1a0c,2021-11-20T08:48:48Z
as-pgcrd,1b0cd001-f2c9-4c19-bda9-29c0af560524,2021-11-19T06:25:22Z
as-pgcrd,99278d1c-9478-44b7-8453-6d8d1ab057da,2021-11-21T11:38:37Z
as-pgcrd,90a95715-b06b-4519-8cdb-25ec2477c1e7,2021-11-21T04:37:08Z
as-pgcrd,9fe604d3-e86a-42ab-b920-bc47cf6a7996,2021-11-20T10:31:15Z
as-pgcrd,7523be30-1493-40ad-8e60-45751985f012,2021-11-20T07:53:14Z
as-pgcrd,2ad7e9d2-2e99-4649-9a75-10c3ab9e62c5,2021-11-20T11:08:40Z
as-pgcrd,c236b3fd-2775-4731-ae3e-a2666ecbce21,2021-11-20T05:19:40Z
as-pgcrd,52fa3978-721f-45fd-bd8e-53f2906d5d29,2021-11-19T14:00:29Z
as-pgcrd,901ce7b6-66c7-4f97-baa9-5859636b9026,2021-11-21T06:22:48Z
as-pgcrd,0b8e2f69-8310-471d-81ac-6d934c614d6e,2021-11-19T11:01:41Z
as-pgcrd,d71be73f-07b3-4889-9096-b0fd1896b97c,2021-11-19T04:45:48Z
as-pgcrd,2c4be80e-feb7-4b84-a074-c986d2bd681d,2021-11-21T10:39:51Z
as-pgcrd,f93e28fb-c84a-4a79-842c-21ff5c5a9f7c,2021-11-21T07:52:12Z
as-pgcrd,babfcbdd-4af3-4b16-b116-37b127480810,2021-11-20T14:06:21Z
as-pgcrd,4d15e432-0de3-4e57-a889-382a7a9777ea,2021-11-20T12:35:23Z
as-pgcrd,d58ae42e-2491-429a-bb7b-025c1a4a9a63,2021-11-21T13:58:32Z
as-pgcrd,8e16b38e-7614-4ce0-8f09-d20ffe189f5a,2021-11-21T13:05:28Z
as-pgcrd,1bfdfe32-dfce-4ed3-aeb6-65e6f3cf2a82,2021-11-21T05:24:52Z
as-pgcrd,f9d6cdfc-c4e3-4d56-b163-f566c63dafeb,2021-11-20T13:26:05Z
as-pgcrd,20c62f58-13cd-478b-bf55-6c9cc4a38c19,2021-11-20T07:06:11Z
as-pgcrd,01aa7d55-6b7b-4b53-8452-50f0bc6c9b80,2021-11-19T07:10:18Z
as-pgcrd,2abb5332-3af6-4f17-8c4d-bcb559f49a8b,2021-11-20T06:24:05Z
as-pgcrd,0732879f-94cd-4694-82ee-08af10e4b0ce,2021-11-19T11:41:34Z
as-pgcrd,bf0dab63-587b-44c2-959c-5b91a4446ef2,2021-11-19T05:33:01Z
as-pgcrd,3cace53f-0004-4af0-91b5-5f53526615fb,2021-11-19T04:02:40Z
na-pgcgf,482e5559-4ae5-48ce-b092-35f5fca2f389,2019-11-25T05:05:49Z
na-pgcgf,9b720166-209f-4aef-8587-96c2f49c5d12,2019-11-25T01:10:50Z
na-pgcgf,f2dd7fbb-9d4e-455b-ba82-d18a82e71b57,2019-11-24T03:01:34Z
na-pgcgf,b92b1a81-6ee8-4f6c-a86a-c3258aad4869,2019-11-24T01:20:05Z
na-pgcgf,975b547a-04d2-4ec5-9276-58d632c15deb,2019-11-24T04:35:59Z
na-pgcgf,94c529f7-d59b-4b8b-8dbf-ba37b0b03713,2019-11-24T03:47:45Z
na-pgcgf,b7a17db1-aea3-4fe5-8408-1fa9b5ebfe82,2019-11-24T02:06:22Z
na-pgcgf,eddef844-ab8d-42f3-ac6d-5d78f28745df,2019-11-25T04:20:36Z
na-pgcgf,24f8decc-a768-4b8b-afef-96b5b68dfc9e,2019-11-25T03:36:37Z
na-pgcgf,2893efb6-e555-48fc-b7ce-9dc762122947,2019-11-25T02:48:58Z
na-pgcgf,9608152e-6ceb-4323-8bac-aef0211f2998,2019-11-25T01:59:08Z
na-pgcgf,0766834d-af67-413c-b032-b60b8c66400f,2019-11-24T05:23:08Z
na-pgcsf,ee1cbb11-979a-418e-8280-342cb205b6f5,2019-11-17T01:00:15Z
na-pgcsf,725655ab-a78d-457f-bf49-7b2f5b9e3b99,2019-11-16T03:57:36Z
na-pgcsf,9c491919-1d52-4823-9905-7d04e7768b4d,2019-11-18T01:39:58Z
na-pgcsf,4caf08d6-4a5e-429b-a3cb-9c563983856f,2019-11-18T02:26:37Z
na-pgcsf,6ef700e6-8b7d-42c1-b264-ef7315bb0205,2019-11-17T04:47:45Z
na-pgcsf,7625fb81-5370-4bd6-bb94-611ef58be1b1,2019-11-17T02:38:26Z
na-pgcsf,4f7278b8-9596-4427-b5a0-a49fa82bfc64,2019-11-16T03:19:13Z
na-pgcsf,ba3619f8-a996-4ef1-9dd7-4a8d7edc073c,2019-11-16T02:35:43Z
na-pgcsf,fcbc05b4-892d-4e18-b18e-b596fe4edc2f,2019-11-16T01:07:18Z
na-pgcsf,deafbc32-740d-4c74-b704-8f682d6e63e8,2019-11-18T03:10:27Z
na-pgcsf,d10f4a03-fe4e-4fe1-a5c4-5b04a1848471,2019-11-18T03:51:52Z
na-pgcsf,d252b292-9f21-4335-86dd-48907ad7cd12,2019-11-17T01:44:54Z
na-pgcsf,4c1c043b-e4fb-4e39-807d-3ca7e3e60cc2,2019-11-18T04:36:40Z
na-pgcsf,1d741b79-eeb9-4ff4-9721-18d510f4c923,2019-11-17T04:06:19Z
na-pgcsf,eca991ab-feba-4d75-9b8d-f33a167d34bd,2019-11-17T03:21:28Z
na-pgcsf,d4227555-d9e4-4877-aacd-3c0e298ef8f3,2019-11-16T04:40:18Z
na-pgcsf,94898bd5-8aa1-45a7-9a43-2667df48eaf1,2019-11-16T01:49:40Z
na-pgcsf,1d91b635-a557-4fea-bab3-31599decb44a,2019-11-18T01:00:11Z
na-pgcgr3,f1082b17-28ff-4303-969e-7870e18054a3,2019-11-11T03:11:40Z
na-pgcgr3,49ca2ae6-a956-43d9-aafa-4e0dba74d460,2019-11-11T02:30:05Z
na-pgcgr3,ccd9559f-9349-461c-b4d5-ab362baf0412,2019-11-11T01:42:57Z
na-pgcgr3,26a41af7-1c96-4cf1-9fb6-7b73309c6d0d,2019-11-11T01:00:03Z
na-pgcgr3,c4b8fb20-ce96-4696-af3f-5a3a9137d5ca,2019-11-11T04:42:29Z
na-pgcgr3,5bccb51e-cc3e-4d0d-a0f2-3a6cdcd0e0cd,2019-11-11T03:51:21Z
na-pgcgr2,fc259c35-7bc3-4463-828e-341b87c39799,2019-11-10T03:47:10Z
na-pgcgr2,46750096-1c56-4c36-9432-53c8b9a7af9a,2019-11-10T03:06:52Z
na-pgcgr2,512a527c-09a1-48c7-aa97-82d52c4b9f56,2019-11-10T02:23:03Z
na-pgcgr2,4eebaa59-90ab-4a80-aa63-527d2ab271ea,2019-11-10T01:39:17Z
na-pgcgr2,f5b1d59c-a78a-4ce5-86f3-ae4a9b3f9e9a,2019-11-10T00:59:08Z
na-pgcgr2,e1f2fa9f-8416-415d-ab52-4b2e887895bd,2019-11-10T04:28:57Z
na-pgcgr1,f5cc4161-5cd8-4e2e-b0c5-0e4785a23d40,2019-11-09T02:50:51Z
na-pgcgr1,3081f5b7-8665-4946-bb19-50fc3b2d5bd4,2019-11-09T01:56:35Z
na-pgcgr1,a29931e8-a702-4a43-8916-0fa2330921d1,2019-11-09T01:01:58Z
na-pgcgr1,20dd615c-d240-47c9-9e13-573bd5b5983a,2019-11-09T05:01:12Z
na-pgcgr1,cab19b80-e5d9-49b0-80a3-4b95f9b759d5,2019-11-09T04:16:21Z
na-pgcgr1,b3efb823-dc55-4120-918c-9e08d4f00386,2019-11-09T03:36:00Z
kr-pgckq,524c7c85-be66-4a1e-b389-69c5bcebefd3,2019-10-19T10:57:35Z
kr-pgckq,3e1a26e1-7b93-43f7-b8f3-c1138811a238,2019-10-19T10:09:08Z
kr-pgckq,bc3d163b-58fb-4c41-b830-7130c8c8a79b,2019-10-19T09:19:11Z
kr-pgckq,5ab4703c-8c07-48c4-a3c9-5d0d74daf75a,2019-10-19T08:32:14Z
kr-pgckq,a5bb7ebe-e7b8-4368-83de-6a2aba7b56df,2019-10-19T07:36:29Z
kr-pgckq,fa135c2b-45ef-46d0-9dda-44b0fc73fa9b,2019-10-19T06:31:28Z
